{
    "config": "gsm8k",
    "error_acc": 26.08695652173913,
    "correct_acc": 27.979274611398964,
    "f1": 27.0,
    "time_used": 882.7838971614838
}
