{
    "config": "math",
    "error_acc": 14.983164983164984,
    "correct_acc": 42.11822660098522,
    "f1": 22.1032910215819,
    "time_used": 1574.2781581878662
}
