{
    "config": "olympiadbench",
    "error_acc": 10.892586989409985,
    "correct_acc": 36.57817109144543,
    "f1": 16.786372353626895,
    "time_used": 1804.8505203723907
}
