{
    "config": "omnimath",
    "error_acc": 10.80368906455863,
    "correct_acc": 43.56846473029046,
    "f1": 17.314015102003882,
    "time_used": 1707.4995670318604
}
