{
    "config": "gsm8k",
    "error_acc": 44.927536231884055,
    "correct_acc": 47.15025906735752,
    "f1": 46.01206980916653,
    "time_used": 304.09925985336304
}
