{
    "config": "math",
    "error_acc": 29.629629629629626,
    "correct_acc": 50.49261083743842,
    "f1": 37.34487077308436,
    "time_used": 1750.421944141388
}
