{
    "config": "olympiadbench",
    "error_acc": 26.626323751891075,
    "correct_acc": 38.34808259587021,
    "f1": 31.4298666153825,
    "time_used": 1174.9075677394867
}
