{
    "config": "omnimath",
    "error_acc": 26.613965744400524,
    "correct_acc": 34.024896265560166,
    "f1": 29.86657050126217,
    "time_used": 1238.3922770023346
}
