{
    "config": "gsm8k",
    "error_acc": 2.898550724637681,
    "correct_acc": 41.45077720207254,
    "f1": 5.418218760582459,
    "time_used": 3522.8080620765686
}
