{
    "config": "math",
    "error_acc": 3.0303030303030303,
    "correct_acc": 23.39901477832512,
    "f1": 5.365715899463428,
    "time_used": 13679.312965154648
}
