{
    "config": "olympiadbench",
    "error_acc": 3.0257186081694405,
    "correct_acc": 29.20353982300885,
    "f1": 5.483321563577453,
    "time_used": 16278.76705956459
}
