{
    "config": "omnimath",
    "error_acc": 4.216073781291173,
    "correct_acc": 24.896265560165975,
    "f1": 7.210996770074364,
    "time_used": 15765.04239654541
}
