{
    "config": "gsm8k",
    "error_acc": 4.3478260869565215,
    "correct_acc": 8.290155440414509,
    "f1": 5.704099821746881,
    "time_used": 1308.1764047145844
}
