{
    "config": "math",
    "error_acc": 2.861952861952862,
    "correct_acc": 34.97536945812808,
    "f1": 5.290958904109589,
    "time_used": 2176.139983892441
}
