{
    "config": "olympiadbench",
    "error_acc": 1.361573373676248,
    "correct_acc": 69.91150442477876,
    "f1": 2.671124802765046,
    "time_used": 1282.6105780601501
}
