{
    "config": "omnimath",
    "error_acc": 0.2635046113306983,
    "correct_acc": 56.43153526970954,
    "f1": 0.5245598133184194,
    "time_used": 1278.9924094676971
}
