{
    "config": "gsm8k",
    "error_acc": 0.966183574879227,
    "correct_acc": 3.1088082901554404,
    "f1": 1.4742014742014742,
    "time_used": 1472.6709289550781
}
