{
    "config": "math",
    "error_acc": 2.0202020202020203,
    "correct_acc": 1.477832512315271,
    "f1": 1.7069701280227598,
    "time_used": 3799.3071949481964
}
