{
    "config": "omnimath",
    "error_acc": 1.0540184453227932,
    "correct_acc": 1.2448132780082988,
    "f1": 1.141498216409037,
    "time_used": 3833.495246887207
}
