{
    "config": "gsm8k",
    "error_acc": 22.705314009661837,
    "correct_acc": 61.6580310880829,
    "f1": 33.18893899833847,
    "time_used": 212.37324595451355
}
