{
    "config": "math",
    "error_acc": 17.17171717171717,
    "correct_acc": 53.20197044334976,
    "f1": 25.963374107332246,
    "time_used": 1073.3249340057373
}
