{
    "config": "olympiadbench",
    "error_acc": 14.826021180030258,
    "correct_acc": 36.87315634218289,
    "f1": 21.148583908085666,
    "time_used": 1297.1127309799194
}
