{
    "config": "omnimath",
    "error_acc": 13.70223978919631,
    "correct_acc": 43.983402489626556,
    "f1": 20.895013173107902,
    "time_used": 1204.949512720108
}
