{
    "config": "gsm8k",
    "error_acc": 33.81642512077295,
    "correct_acc": 52.84974093264248,
    "f1": 41.24306839186692,
    "time_used": 638.5133984088898
}
