{
    "config": "math",
    "error_acc": 25.084175084175087,
    "correct_acc": 51.970443349753694,
    "f1": 33.8366661644101,
    "time_used": 2933.6662707328796
}
