{
    "config": "olympiadbench",
    "error_acc": 19.667170953101362,
    "correct_acc": 48.08259587020649,
    "f1": 27.915922878804846,
    "time_used": 2249.2771129608154
}
