{
    "config": "omnimath",
    "error_acc": 22.266139657444008,
    "correct_acc": 40.66390041493776,
    "f1": 28.775703451451207,
    "time_used": 2326.602170944214
}
