{
    "config": "gsm8k",
    "error_acc": 44.927536231884055,
    "correct_acc": 45.07772020725388,
    "f1": 45.00250292007342,
    "time_used": 283.88136863708496
}
