{
    "config": "math",
    "error_acc": 29.46127946127946,
    "correct_acc": 50.73891625615764,
    "f1": 37.27754971201671,
    "time_used": 1708.4260449409485
}
