{
    "config": "olympiadbench",
    "error_acc": 26.928895612708022,
    "correct_acc": 38.93805309734513,
    "f1": 31.8386926297817,
    "time_used": 1212.833249092102
}
