{
    "config": "omnimath",
    "error_acc": 26.48221343873518,
    "correct_acc": 32.780082987551864,
    "f1": 29.29650744451209,
    "time_used": 1317.8150889873505
}
