{
    "config": "gsm8k",
    "error_acc": 25.120772946859905,
    "correct_acc": 87.56476683937824,
    "f1": 39.04129367600347,
    "time_used": 156.91226840019226
}
