{
    "config": "math",
    "error_acc": 17.845117845117844,
    "correct_acc": 81.03448275862068,
    "f1": 29.249104679152232,
    "time_used": 659.3463881015778
}
