{
    "config": "olympiadbench",
    "error_acc": 18.456883509833585,
    "correct_acc": 67.2566371681416,
    "f1": 28.965043266377183,
    "time_used": 520.4648969173431
}
