{
    "config": "omnimath",
    "error_acc": 18.181818181818183,
    "correct_acc": 62.24066390041494,
    "f1": 28.142589118198874,
    "time_used": 527.0091595649719
}
