{
    "config": "gsm8k",
    "error_acc": 2.898550724637681,
    "correct_acc": 25.38860103626943,
    "f1": 5.203079373506769,
    "time_used": 1274.697393655777
}
