{
    "config": "math",
    "error_acc": 7.4074074074074066,
    "correct_acc": 37.4384236453202,
    "f1": 12.367778681855167,
    "time_used": 1919.655579328537
}
