{
    "config": "olympiadbench",
    "error_acc": 5.143721633888049,
    "correct_acc": 71.38643067846607,
    "f1": 9.596006717671209,
    "time_used": 817.1668860912323
}
