{
    "config": "omnimath",
    "error_acc": 7.114624505928854,
    "correct_acc": 59.33609958506224,
    "f1": 12.70577782165511,
    "time_used": 951.0528638362885
}
