{
    "config": "gsm8k",
    "error_acc": 28.985507246376812,
    "correct_acc": 18.65284974093264,
    "f1": 22.69861286254729,
    "time_used": 650.7406396865845
}
