{
    "config": "math",
    "error_acc": 24.242424242424242,
    "correct_acc": 17.733990147783253,
    "f1": 20.48364153627312,
    "time_used": 2160.797282218933
}
