{
    "config": "olympiadbench",
    "error_acc": 21.331316187594553,
    "correct_acc": 9.144542772861357,
    "f1": 12.801288622053008,
    "time_used": 2623.870936393738
}
