{
    "config": "omnimath",
    "error_acc": 22.002635046113305,
    "correct_acc": 11.618257261410788,
    "f1": 15.206751329289904,
    "time_used": 2440.871225833893
}
