{
    "config": "math",
    "error_acc": 0.6734006734006733,
    "correct_acc": 7.8817733990147785,
    "f1": 1.2407910042652188,
    "time_used": 3552.3750653266907
}
