{
    "config": "olympiadbench",
    "error_acc": 1.8154311649016641,
    "correct_acc": 22.123893805309734,
    "f1": 3.3555170292489236,
    "time_used": 3119.2743656635284
}
