{
    "config": "omnimath",
    "error_acc": 1.185770750988142,
    "correct_acc": 19.08713692946058,
    "f1": 2.23282905913761,
    "time_used": 3366.454612970352
}
