{
    "config": "gsm8k",
    "error_acc": 43.96135265700483,
    "correct_acc": 46.63212435233161,
    "f1": 45.25737020970906,
    "time_used": 385.18025398254395
}
