{
    "config": "math",
    "error_acc": 25.925925925925924,
    "correct_acc": 52.463054187192114,
    "f1": 34.702664959851035,
    "time_used": 1650.5200488567352
}
