{
    "config": "olympiadbench",
    "error_acc": 26.172465960665658,
    "correct_acc": 38.64306784660767,
    "f1": 31.208086038089206,
    "time_used": 1293.3753776550293
}
