{
    "config": "omnimath",
    "error_acc": 26.08695652173913,
    "correct_acc": 34.85477178423236,
    "f1": 29.84014209591474,
    "time_used": 1405.368706703186
}
