{
    "config": "gsm8k",
    "error_acc": 39.61352657004831,
    "correct_acc": 58.03108808290155,
    "f1": 47.08536272750577,
    "time_used": 268.5339801311493
}
