{
    "config": "math",
    "error_acc": 28.28282828282828,
    "correct_acc": 58.86699507389162,
    "f1": 38.20834165976762,
    "time_used": 1332.9067087173462
}
