{
    "config": "olympiadbench",
    "error_acc": 25.86989409984871,
    "correct_acc": 43.36283185840708,
    "f1": 32.4064047029703,
    "time_used": 922.6374809741974
}
