{
    "config": "omnimath",
    "error_acc": 26.08695652173913,
    "correct_acc": 37.75933609958506,
    "f1": 30.856174060469055,
    "time_used": 1044.5155999660492
}
