{
    "config": "gsm8k",
    "error_acc": 6.763285024154589,
    "correct_acc": 13.471502590673575,
    "f1": 9.005442850074221,
    "time_used": 1230.2704875469208
}
