{
    "config": "math",
    "error_acc": 7.575757575757576,
    "correct_acc": 17.24137931034483,
    "f1": 10.526315789473685,
    "time_used": 2043.529280424118
}
