{
    "config": "olympiadbench",
    "error_acc": 11.951588502269288,
    "correct_acc": 26.548672566371685,
    "f1": 16.482943283374482,
    "time_used": 1296.644186258316
}
