{
    "config": "omnimath",
    "error_acc": 8.432147562582346,
    "correct_acc": 19.91701244813278,
    "f1": 11.848195001542736,
    "time_used": 1457.2440009117126
}
