{
    "config": "gsm8k",
    "error_acc": 22.22222222222222,
    "correct_acc": 12.435233160621761,
    "f1": 15.946843853820596,
    "time_used": 156.1159851551056
}
