{
    "config": "math",
    "error_acc": 13.468013468013467,
    "correct_acc": 42.11822660098522,
    "f1": 20.40968564906679,
    "time_used": 452.3139741420746
}
