{
    "config": "olympiadbench",
    "error_acc": 3.0257186081694405,
    "correct_acc": 80.53097345132744,
    "f1": 5.832305202608515,
    "time_used": 473.5730822086334
}
