{
    "config": "omnimath",
    "error_acc": 5.006587615283268,
    "correct_acc": 64.31535269709543,
    "f1": 9.290001025212337,
    "time_used": 477.69157338142395
}
