{
    "config": "gsm8k",
    "error_acc": 17.391304347826086,
    "correct_acc": 36.787564766839374,
    "f1": 23.617463617463617,
    "time_used": 4069.722258090973
}
