{
    "config": "math",
    "error_acc": 13.131313131313133,
    "correct_acc": 40.64039408866995,
    "f1": 19.849164854485725,
    "time_used": 13681.14267039299
}
