{
    "config": "olympiadbench",
    "error_acc": 11.497730711043873,
    "correct_acc": 32.743362831858406,
    "f1": 17.019216220305644,
    "time_used": 14655.68762087822
}
