{
    "config": "omnimath",
    "error_acc": 11.198945981554678,
    "correct_acc": 31.535269709543567,
    "f1": 16.52829126635879,
    "time_used": 13750.732713460922
}
