{
    "config": "gsm8k",
    "error_acc": 31.40096618357488,
    "correct_acc": 53.36787564766839,
    "f1": 39.53817988543082,
    "time_used": 240.22827291488647
}
