{
    "config": "math",
    "error_acc": 21.043771043771045,
    "correct_acc": 59.60591133004927,
    "f1": 31.105718310728136,
    "time_used": 956.8499903678894
}
