{
    "config": "olympiadbench",
    "error_acc": 22.54160363086233,
    "correct_acc": 51.62241887905604,
    "f1": 31.38050136593937,
    "time_used": 1142.296287059784
}
