{
    "config": "omnimath",
    "error_acc": 22.266139657444008,
    "correct_acc": 46.88796680497925,
    "f1": 30.193840121426764,
    "time_used": 1166.7069516181946
}
