{
    "config": "gsm8k",
    "error_acc": 42.99516908212561,
    "correct_acc": 47.15025906735752,
    "f1": 44.97695340700839,
    "time_used": 278.83622312545776
}
