{
    "config": "math",
    "error_acc": 28.95622895622896,
    "correct_acc": 50.73891625615764,
    "f1": 36.870694499365236,
    "time_used": 1717.4430963993073
}
