{
    "config": "olympiadbench",
    "error_acc": 26.021180030257185,
    "correct_acc": 37.16814159292036,
    "f1": 30.611466587567268,
    "time_used": 1007.8139023780823
}
