{
    "config": "omnimath",
    "error_acc": 26.745718050065875,
    "correct_acc": 31.535269709543567,
    "f1": 28.943690376804522,
    "time_used": 1169.8950443267822
}
