{
    "config": "gsm8k",
    "error_acc": 0.966183574879227,
    "correct_acc": 23.83419689119171,
    "f1": 1.8570851836899473,
    "time_used": 1303.2850341796875
}
