{
    "config": "math",
    "error_acc": 7.23905723905724,
    "correct_acc": 37.68472906403941,
    "f1": 12.145098763153038,
    "time_used": 1925.8647825717926
}
