{
    "config": "olympiadbench",
    "error_acc": 5.446293494704992,
    "correct_acc": 72.56637168141593,
    "f1": 10.132143470053201,
    "time_used": 815.1646087169647
}
