{
    "config": "omnimath",
    "error_acc": 7.246376811594203,
    "correct_acc": 60.16597510373444,
    "f1": 12.934879571810884,
    "time_used": 938.2933793067932
}
