{
    "config": "gsm8k",
    "error_acc": 11.594202898550725,
    "correct_acc": 9.32642487046632,
    "f1": 10.33740129217516,
    "time_used": 1392.2698013782501
}
