{
    "config": "math",
    "error_acc": 16.329966329966332,
    "correct_acc": 11.822660098522167,
    "f1": 13.715497687571803,
    "time_used": 3484.120064496994
}
