{
    "config": "olympiadbench",
    "error_acc": 14.523449319213313,
    "correct_acc": 4.71976401179941,
    "f1": 7.124304267161411,
    "time_used": 3537.0658094882965
}
