{
    "config": "omnimath",
    "error_acc": 15.41501976284585,
    "correct_acc": 5.809128630705394,
    "f1": 8.438296885866626,
    "time_used": 3529.9338116645813
}
