{
    "config": "gsm8k",
    "error_acc": 16.425120772946862,
    "correct_acc": 41.45077720207254,
    "f1": 23.5273765245221,
    "time_used": 170.6171646118164
}
