{
    "config": "math",
    "error_acc": 14.646464646464647,
    "correct_acc": 23.15270935960591,
    "f1": 17.942473507536366,
    "time_used": 692.7157883644104
}
