{
    "config": "olympiadbench",
    "error_acc": 12.405446293494705,
    "correct_acc": 23.303834808259587,
    "f1": 16.191559293650098,
    "time_used": 765.8933336734772
}
