{
    "config": "omnimath",
    "error_acc": 9.749670619235836,
    "correct_acc": 17.012448132780083,
    "f1": 12.395563091128226,
    "time_used": 805.2011885643005
}
