{
    "config": "gsm8k",
    "error_acc": 33.33333333333333,
    "correct_acc": 15.544041450777202,
    "f1": 21.201413427561835,
    "time_used": 541.6632764339447
}
