{
    "config": "math",
    "error_acc": 26.767676767676768,
    "correct_acc": 15.763546798029557,
    "f1": 19.84205908160281,
    "time_used": 1791.0648040771484
}
