{
    "config": "olympiadbench",
    "error_acc": 23.14674735249622,
    "correct_acc": 6.489675516224189,
    "f1": 10.137180201478715,
    "time_used": 2072.3944482803345
}
