{
    "config": "omnimath",
    "error_acc": 25.03293807641634,
    "correct_acc": 10.78838174273859,
    "f1": 15.07844453940541,
    "time_used": 2118.493216753006
}
