{
    "config": "gsm8k",
    "error_acc": 18.84057971014493,
    "correct_acc": 60.10362694300518,
    "f1": 28.68829068771997,
    "time_used": 1656.4367306232452
}
