{
    "config": "math",
    "error_acc": 14.14141414141414,
    "correct_acc": 60.09852216748769,
    "f1": 22.895442359249326,
    "time_used": 5538.6652290821075
}
