{
    "config": "olympiadbench",
    "error_acc": 11.043872919818456,
    "correct_acc": 61.35693215339233,
    "f1": 18.718525595586645,
    "time_used": 5955.371763467789
}
