{
    "config": "omnimath",
    "error_acc": 12.384716732542818,
    "correct_acc": 57.676348547717836,
    "f1": 20.390932854746204,
    "time_used": 6521.173630237579
}
