{
    "config": "gsm8k",
    "error_acc": 33.81642512077295,
    "correct_acc": 13.471502590673575,
    "f1": 19.267414778742324,
    "time_used": 1080.4214432239532
}
