{
    "config": "math",
    "error_acc": 28.114478114478114,
    "correct_acc": 10.591133004926109,
    "f1": 15.386098731573535,
    "time_used": 3854.037971496582
}
