{
    "config": "olympiadbench",
    "error_acc": 21.482602118003026,
    "correct_acc": 5.604719764011799,
    "f1": 8.890060464273356,
    "time_used": 3693.840012073517
}
