{
    "config": "omnimath",
    "error_acc": 23.978919631093547,
    "correct_acc": 7.883817427385892,
    "f1": 11.866238868966937,
    "time_used": 3449.270208835602
}
