{
    "config": "gsm8k",
    "error_acc": 45.893719806763286,
    "correct_acc": 45.07772020725388,
    "f1": 45.48206031256879,
    "time_used": 328.2412633895874
}
