{
    "config": "math",
    "error_acc": 28.78787878787879,
    "correct_acc": 50.98522167487685,
    "f1": 36.79827844311377,
    "time_used": 1790.106003522873
}
