{
    "config": "olympiadbench",
    "error_acc": 26.626323751891075,
    "correct_acc": 37.75811209439528,
    "f1": 31.229899079516468,
    "time_used": 1234.1302196979523
}
