{
    "config": "omnimath",
    "error_acc": 26.08695652173913,
    "correct_acc": 33.60995850622407,
    "f1": 29.37443336355394,
    "time_used": 1363.6080603599548
}
