{
    "config": "gsm8k",
    "error_acc": 32.850241545893724,
    "correct_acc": 49.22279792746114,
    "f1": 39.403458476928236,
    "time_used": 426.7661907672882
}
