{
    "config": "math",
    "error_acc": 23.232323232323232,
    "correct_acc": 50.73891625615764,
    "f1": 31.87138436701197,
    "time_used": 1981.3309543132782
}
