{
    "config": "olympiadbench",
    "error_acc": 21.18003025718608,
    "correct_acc": 40.41297935103245,
    "f1": 27.793677590441757,
    "time_used": 1322.9791617393494
}
