{
    "config": "omnimath",
    "error_acc": 20.685111989459813,
    "correct_acc": 35.26970954356847,
    "f1": 26.076676567140847,
    "time_used": 1232.0270626544952
}
