{
    "config": "gsm8k",
    "error_acc": 41.06280193236715,
    "correct_acc": 24.870466321243523,
    "f1": 30.97832276678941,
    "time_used": 2009.8580162525177
}
