{
    "config": "math",
    "error_acc": 30.976430976430976,
    "correct_acc": 30.541871921182267,
    "f1": 30.757616608250206,
    "time_used": 6098.236314535141
}
