{
    "config": "olympiadbench",
    "error_acc": 27.83661119515885,
    "correct_acc": 17.10914454277286,
    "f1": 21.192684234565206,
    "time_used": 5077.694623708725
}
