{
    "config": "omnimath",
    "error_acc": 27.140974967061926,
    "correct_acc": 17.842323651452283,
    "f1": 21.53057132092899,
    "time_used": 5058.988609790802
}
