{
    "config": "math",
    "error_acc": 0.16835016835016833,
    "correct_acc": 0.24630541871921183,
    "f1": 0.19999999999999998,
    "time_used": 3831.949999332428
}
