{
    "config": "gsm8k",
    "error_acc": 0.4830917874396135,
    "correct_acc": 0.0,
    "f1": 0.0,
    "time_used": 1519.0262775421143
}
