{
    "config": "math",
    "error_acc": 26.094276094276093,
    "correct_acc": 52.70935960591133,
    "f1": 34.907338223377494,
    "time_used": 1594.2879526615143
}
