{
    "config": "olympiadbench",
    "error_acc": 27.08018154311649,
    "correct_acc": 38.64306784660767,
    "f1": 31.84447824433701,
    "time_used": 1141.772548675537
}
