{
    "config": "omnimath",
    "error_acc": 25.823451910408433,
    "correct_acc": 34.439834024896264,
    "f1": 29.515662278990867,
    "time_used": 1277.7654762268066
}
