{
    "config": "gsm8k",
    "error_acc": 36.231884057971016,
    "correct_acc": 48.18652849740933,
    "f1": 41.362746842198895,
    "time_used": 2533.7650904655457
}
