{
    "config": "math",
    "error_acc": 24.410774410774412,
    "correct_acc": 67.24137931034483,
    "f1": 35.8183430453509,
    "time_used": 7544.321511507034
}
