{
    "config": "olympiadbench",
    "error_acc": 21.18003025718608,
    "correct_acc": 55.45722713864307,
    "f1": 30.653125873474327,
    "time_used": 4553.158205986023
}
