{
    "config": "omnimath",
    "error_acc": 18.972332015810274,
    "correct_acc": 49.79253112033195,
    "f1": 27.4756725815684,
    "time_used": 3949.7025892734528
}
