{
    "config": "gsm8k",
    "error_acc": 45.893719806763286,
    "correct_acc": 43.005181347150256,
    "f1": 44.402522806622365,
    "time_used": 306.20310068130493
}
