{
    "config": "math",
    "error_acc": 28.45117845117845,
    "correct_acc": 50.24630541871922,
    "f1": 36.33068127930871,
    "time_used": 1810.4027280807495
}
