{
    "config": "olympiadbench",
    "error_acc": 26.172465960665658,
    "correct_acc": 37.75811209439528,
    "f1": 30.91550033157656,
    "time_used": 1207.1145989894867
}
