{
    "config": "omnimath",
    "error_acc": 26.35046113306983,
    "correct_acc": 32.365145228215766,
    "f1": 29.049738366138435,
    "time_used": 1304.2765402793884
}
