{
    "config": "gsm8k",
    "error_acc": 43.96135265700483,
    "correct_acc": 45.59585492227979,
    "f1": 44.76368819698706,
    "time_used": 277.9016056060791
}
