{
    "config": "math",
    "error_acc": 28.78787878787879,
    "correct_acc": 50.49261083743842,
    "f1": 36.6691771794389,
    "time_used": 1743.1282770633698
}
