{
    "config": "olympiadbench",
    "error_acc": 26.626323751891075,
    "correct_acc": 39.52802359882006,
    "f1": 31.819101714809975,
    "time_used": 1210.995207309723
}
