{
    "config": "omnimath",
    "error_acc": 26.48221343873518,
    "correct_acc": 34.024896265560166,
    "f1": 29.78342775052178,
    "time_used": 1337.9886138439178
}
