{
    "config": "gsm8k",
    "error_acc": 19.32367149758454,
    "correct_acc": 24.352331606217618,
    "f1": 21.54851280875695,
    "time_used": 144.50651240348816
}
