{
    "config": "math",
    "error_acc": 5.723905723905724,
    "correct_acc": 42.610837438423644,
    "f1": 10.092136643618208,
    "time_used": 419.63417863845825
}
