{
    "config": "olympiadbench",
    "error_acc": 4.236006051437216,
    "correct_acc": 79.05604719764013,
    "f1": 8.041148735533648,
    "time_used": 580.9256126880646
}
