{
    "config": "omnimath",
    "error_acc": 4.479578392621871,
    "correct_acc": 63.48547717842323,
    "f1": 8.368658553261316,
    "time_used": 565.5033490657806
}
