{
    "config": "gsm8k",
    "error_acc": 17.391304347826086,
    "correct_acc": 2.5906735751295336,
    "f1": 4.509582863585119,
    "time_used": 409.3717086315155
}
