{
    "config": "math",
    "error_acc": 13.973063973063974,
    "correct_acc": 2.4630541871921183,
    "f1": 4.187900499520661,
    "time_used": 1324.4326484203339
}
