{
    "config": "olympiadbench",
    "error_acc": 12.102874432677762,
    "correct_acc": 5.014749262536873,
    "f1": 7.091274082957478,
    "time_used": 1208.263022184372
}
