{
    "config": "omnimath",
    "error_acc": 14.229249011857709,
    "correct_acc": 2.0746887966804977,
    "f1": 3.6213660597525394,
    "time_used": 1391.3045644760132
}
