{
    "config": "math",
    "error_acc": 0.5050505050505051,
    "correct_acc": 8.374384236453201,
    "f1": 0.9526478005043431,
    "time_used": 3556.9851937294006
}
