{
    "config": "olympiadbench",
    "error_acc": 1.5128593040847202,
    "correct_acc": 23.008849557522122,
    "f1": 2.839047827036471,
    "time_used": 3112.8590536117554
}
