{
    "config": "omnimath",
    "error_acc": 1.0540184453227932,
    "correct_acc": 18.25726141078838,
    "f1": 1.9929792775450121,
    "time_used": 3264.885512828827
}
