{
    "config": "gsm8k",
    "error_acc": 0.0,
    "correct_acc": 4.66321243523316,
    "f1": 0.0,
    "time_used": 1499.902634382248
}
