{
    "config": "math",
    "error_acc": 0.0,
    "correct_acc": 0.24630541871921183,
    "f1": 0.0,
    "time_used": 3886.746906042099
}
