{
    "config": "omnimath",
    "error_acc": 0.13175230566534915,
    "correct_acc": 1.2448132780082988,
    "f1": 0.23828435266084197,
    "time_used": 3982.9531309604645
}
