{
    "config": "gsm8k",
    "error_acc": 34.29951690821256,
    "correct_acc": 69.94818652849742,
    "f1": 46.02862082212832,
    "time_used": 184.12719798088074
}
