{
    "config": "math",
    "error_acc": 25.589225589225588,
    "correct_acc": 66.99507389162561,
    "f1": 37.03332139018273,
    "time_used": 928.7944095134735
}
