{
    "config": "olympiadbench",
    "error_acc": 24.659606656580937,
    "correct_acc": 50.14749262536873,
    "f1": 33.06149963907963,
    "time_used": 655.394434928894
}
