{
    "config": "omnimath",
    "error_acc": 23.978919631093547,
    "correct_acc": 49.37759336099585,
    "f1": 32.28128749543534,
    "time_used": 675.8576962947845
}
