{
    "config": "gsm8k",
    "error_acc": 28.019323671497588,
    "correct_acc": 41.45077720207254,
    "f1": 33.43662174821648,
    "time_used": 1838.62131690979
}