{
    "config": "math",
    "error_acc": 21.885521885521886,
    "correct_acc": 55.41871921182266,
    "f1": 31.379069892184734,
    "time_used": 7275.583787679672
}