{
    "config": "olympiadbench",
    "error_acc": 16.64145234493192,
    "correct_acc": 47.78761061946903,
    "f1": 24.686227246280442,
    "time_used": 11456.120526075363
}