{
    "config": "omnimath",
    "error_acc": 17.12779973649539,
    "correct_acc": 45.22821576763486,
    "f1": 24.846354143835317,
    "time_used": 4332.45415186882
}
