{
    "config": "gsm8k",
    "error_acc": 44.44444444444444,
    "correct_acc": 46.1139896373057,
    "f1": 45.2638270820089,
    "time_used": 390.5516028404236
}
