{
    "config": "math",
    "error_acc": 29.797979797979796,
    "correct_acc": 50.0,
    "f1": 37.34177215189874,
    "time_used": 1835.3536524772644
}
