{
    "config": "olympiadbench",
    "error_acc": 27.23146747352496,
    "correct_acc": 37.75811209439528,
    "f1": 31.642266597082976,
    "time_used": 1235.859432220459
}
