{
    "config": "omnimath",
    "error_acc": 25.559947299077734,
    "correct_acc": 33.19502074688796,
    "f1": 28.88140387442544,
    "time_used": 1332.159893989563
}
