{
    "config": "gsm8k",
    "error_acc": 40.57971014492754,
    "correct_acc": 59.067357512953365,
    "f1": 48.1085154483798,
    "time_used": 874.9711675643921
}

