{
    "config": "math",
    "error_acc": 25.420875420875422,
    "correct_acc": 57.14285714285714,
    "f1": 35.18788231867172,
    "time_used": 4830.4628982543945
}

