{
    "config": "olympiadbench",
    "error_acc": 26.4750378214826,
    "correct_acc": 41.88790560471977,
    "f1": 32.44400634518595,
    "time_used": 7684.240989685059
}

