{
    "config": "omnimath",
    "error_acc": 26.35046113306983,
    "correct_acc": 36.92946058091287,
    "f1": 30.755673817072857,
    "time_used": 10611.679021835327
}

