{
    "config": "gsm8k",
    "error_acc": 14.492753623188406,
    "correct_acc": 75.64766839378238,
    "f1": 24.32522492502499,
    "time_used": 126.58184504508972
}
