{
    "config": "math",
    "error_acc": 11.616161616161616,
    "correct_acc": 82.75862068965517,
    "f1": 20.372762502306696,
    "time_used": 447.52446007728577
}
