{
    "config": "olympiadbench",
    "error_acc": 6.354009077155824,
    "correct_acc": 88.49557522123894,
    "f1": 11.856703271885499,
    "time_used": 460.7429895401001
}
