{
    "config": "omnimath",
    "error_acc": 7.5098814229249005,
    "correct_acc": 80.49792531120332,
    "f1": 13.738096569202957,
    "time_used": 494.07019782066345
}
