{
    "config": "gsm8k",
    "error_acc": 20.77294685990338,
    "correct_acc": 0.0,
    "f1": 0.0,
    "time_used": 496.9168019294739
}
