{
    "config": "math",
    "error_acc": 16.666666666666664,
    "correct_acc": 8.12807881773399,
    "f1": 10.927152317880793,
    "time_used": 869.6059155464172
}
