{
    "config": "olympiadbench",
    "error_acc": 10.59001512859304,
    "correct_acc": 29.793510324483773,
    "f1": 15.62586334552607,
    "time_used": 543.244473695755
}
