{
    "config": "omnimath",
    "error_acc": 9.354413702239789,
    "correct_acc": 26.141078838174277,
    "f1": 13.778339083292263,
    "time_used": 601.6182959079742
}
