{
    "config": "omnimath",
    "error_acc": 0.13175230566534915,
    "correct_acc": 0.0,
    "f1": 0.0,
    "time_used": 3906.284793615341
}
