{
    "config": "gsm8k",
    "error_acc": 34.29951690821256,
    "correct_acc": 58.549222797927456,
    "f1": 43.25766970399526,
    "time_used": 231.27085494995117
}
