{
    "config": "math",
    "error_acc": 22.39057239057239,
    "correct_acc": 63.793103448275865,
    "f1": 33.14697561632763,
    "time_used": 950.5017805099487
}
