{
    "config": "olympiadbench",
    "error_acc": 23.14674735249622,
    "correct_acc": 47.78761061946903,
    "f1": 31.187361984032616,
    "time_used": 992.4963154792786
}
