{
    "config": "omnimath",
    "error_acc": 23.847167325428195,
    "correct_acc": 46.88796680497925,
    "f1": 31.614987479518966,
    "time_used": 977.1269047260284
}
