{
    "config": "gsm8k",
    "error_acc": 2.898550724637681,
    "correct_acc": 14.507772020725387,
    "f1": 4.831751509922348,
    "time_used": 1252.8818464279175
}
