{
    "config": "math",
    "error_acc": 3.872053872053872,
    "correct_acc": 18.7192118226601,
    "f1": 6.416798208582652,
    "time_used": 3134.7458221912384
}
