{
    "config": "olympiadbench",
    "error_acc": 4.084720121028744,
    "correct_acc": 18.58407079646018,
    "f1": 6.697377746279234,
    "time_used": 3266.8875052928925
}
