{
    "config": "omnimath",
    "error_acc": 3.820816864295125,
    "correct_acc": 20.74688796680498,
    "f1": 6.453192104853245,
    "time_used": 3360.90758228302
}
