{
    "config": "gsm8k",
    "error_acc": 24.637681159420293,
    "correct_acc": 22.279792746113987,
    "f1": 23.399487836107554,
    "time_used": 2691.7612204551697
}
