{
    "config": "math",
    "error_acc": 21.21212121212121,
    "correct_acc": 24.38423645320197,
    "f1": 22.687837616631196,
    "time_used": 8914.766539096832
}
