{
    "config": "olympiadbench",
    "error_acc": 15.582450832072617,
    "correct_acc": 16.224188790560472,
    "f1": 15.896845886182513,
    "time_used": 9245.703893184662
}
