{
    "config": "omnimath",
    "error_acc": 18.181818181818183,
    "correct_acc": 19.502074688796682,
    "f1": 18.818818818818816,
    "time_used": 8757.208524942398
}
