{
    "config": "gsm8k",
    "error_acc": 42.99516908212561,
    "correct_acc": 46.1139896373057,
    "f1": 44.5,
    "time_used": 261.911901473999
}
