{
    "config": "math",
    "error_acc": 29.96632996632997,
    "correct_acc": 50.24630541871922,
    "f1": 37.54264800148881,
    "time_used": 1693.14994597435
}
