{
    "config": "olympiadbench",
    "error_acc": 27.382753403933435,
    "correct_acc": 38.05309734513274,
    "f1": 31.84794173009248,
    "time_used": 1227.4715876579285
}
