{
    "config": "omnimath",
    "error_acc": 26.35046113306983,
    "correct_acc": 33.60995850622407,
    "f1": 29.540750736239392,
    "time_used": 1290.8192706108093
}
