{
    "config": "gsm8k",
    "error_acc": 27.053140096618357,
    "correct_acc": 53.8860103626943,
    "f1": 36.021771400296885,
    "time_used": 3256.9692854881287
}
