{
    "config": "math",
    "error_acc": 18.013468013468014,
    "correct_acc": 63.793103448275865,
    "f1": 28.09395401646324,
    "time_used": 9757.112419843674
}
