{
    "config": "olympiadbench",
    "error_acc": 13.464447806354011,
    "correct_acc": 46.312684365781706,
    "f1": 20.86332009436498,
    "time_used": 9681.215094566345
}
