{
    "config": "omnimath",
    "error_acc": 12.911725955204217,
    "correct_acc": 40.24896265560166,
    "f1": 19.551423782149506,
    "time_used": 10211.64079451561
}
