{
    "config": "gsm8k",
    "error_acc": 15.458937198067632,
    "correct_acc": 77.2020725388601,
    "f1": 25.759744995812962,
    "time_used": 197.41895866394043
}
