{
    "config": "math",
    "error_acc": 14.309764309764308,
    "correct_acc": 81.03448275862068,
    "f1": 24.324159766195805,
    "time_used": 647.1420743465424
}
