{
    "config": "olympiadbench",
    "error_acc": 14.37216338880484,
    "correct_acc": 73.74631268436578,
    "f1": 24.056114051302828,
    "time_used": 636.2021019458771
}
