{
    "config": "omnimath",
    "error_acc": 15.019762845849801,
    "correct_acc": 66.80497925311202,
    "f1": 24.52546551482231,
    "time_used": 661.3108012676239
}
