{
    "config": "gsm8k",
    "error_acc": 38.64734299516908,
    "correct_acc": 10.362694300518134,
    "f1": 16.343207354443308,
    "time_used": 993.8805050849915
}
