{
    "config": "math",
    "error_acc": 27.441077441077443,
    "correct_acc": 9.113300492610838,
    "f1": 13.682562729706431,
    "time_used": 3808.1530981063843
}
