{
    "config": "olympiadbench",
    "error_acc": 23.14674735249622,
    "correct_acc": 5.3097345132743365,
    "f1": 8.637967537050107,
    "time_used": 3408.71147108078
}
