{
    "config": "omnimath",
    "error_acc": 25.823451910408433,
    "correct_acc": 9.12863070539419,
    "f1": 13.488910438890105,
    "time_used": 3111.0392096042633
}
