{
    "config": "gsm8k",
    "error_acc": 35.26570048309179,
    "correct_acc": 36.26943005181347,
    "f1": 35.760523461282766,
    "time_used": 1173.753301858902
}
