{
    "config": "math",
    "error_acc": 24.242424242424242,
    "correct_acc": 53.69458128078818,
    "f1": 33.403562535912656,
    "time_used": 2728.204021215439
}
