{
    "config": "olympiadbench",
    "error_acc": 19.062027231467475,
    "correct_acc": 52.8023598820059,
    "f1": 28.01164978606869,
    "time_used": 1090.4590163230896
}
