{
    "config": "omnimath",
    "error_acc": 18.44532279314888,
    "correct_acc": 48.54771784232365,
    "f1": 26.73347314820104,
    "time_used": 1005.6861789226532
}
