{
    "config": "gsm8k",
    "error_acc": 0.0,
    "correct_acc": 0.5181347150259068,
    "f1": 0.0,
    "time_used": 1501.7710678577423
}
