{
    "config": "math",
    "error_acc": 0.8417508417508417,
    "correct_acc": 0.7389162561576355,
    "f1": 0.7869884575026233,
    "time_used": 3849.0010104179382
}
