{
    "config": "omnimath",
    "error_acc": 0.7905138339920948,
    "correct_acc": 0.8298755186721992,
    "f1": 0.8097165991902834,
    "time_used": 3870.018050670624
}
