{
    "config": "gsm8k",
    "error_acc": 0.4830917874396135,
    "correct_acc": 95.33678756476684,
    "f1": 0.9613124004075128,
    "time_used": 276.4714183807373
}
