{
    "config": "math",
    "error_acc": 0.16835016835016833,
    "correct_acc": 97.78325123152709,
    "f1": 0.33612164725006766,
    "time_used": 510.3628833293915
}
