{
    "config": "olympiadbench",
    "error_acc": 1.6641452344931922,
    "correct_acc": 95.87020648967551,
    "f1": 3.2715026949861366,
    "time_used": 628.1753754615784
}
