{
    "config": "omnimath",
    "error_acc": 1.9762845849802373,
    "correct_acc": 95.4356846473029,
    "f1": 3.872379829952017,
    "time_used": 619.2781980037689
}
