{
    "config": "gsm8k",
    "error_acc": 29.951690821256037,
    "correct_acc": 27.979274611398964,
    "f1": 28.931904597303838,
    "time_used": 1691.0010614395142
}
