{
    "config": "math",
    "error_acc": 22.895622895622896,
    "correct_acc": 35.467980295566505,
    "f1": 27.82766852336024,
    "time_used": 5349.672090768814
}
