{
    "config": "olympiadbench",
    "error_acc": 12.405446293494705,
    "correct_acc": 31.268436578171094,
    "f1": 17.763426796370474,
    "time_used": 5429.714776992798
}
