{
    "config": "omnimath",
    "error_acc": 16.73254281949934,
    "correct_acc": 32.365145228215766,
    "f1": 22.060149873620684,
    "time_used": 5185.575909376144
}
