{
    "config": "gsm8k",
    "error_acc": 2.4154589371980677,
    "correct_acc": 67.35751295336787,
    "f1": 4.663677130044843,
    "time_used": 606.9698405265808
}
