{
    "config": "math",
    "error_acc": 2.525252525252525,
    "correct_acc": 85.22167487684729,
    "f1": 4.90515750375684,
    "time_used": 766.7612311840057
}
