{
    "config": "olympiadbench",
    "error_acc": 2.5718608169440245,
    "correct_acc": 97.05014749262537,
    "f1": 5.010930332568808,
    "time_used": 373.5024311542511
}
