{
    "config": "omnimath",
    "error_acc": 2.635046113306983,
    "correct_acc": 89.62655601659752,
    "f1": 5.119575264866915,
    "time_used": 445.1704797744751
}
