{
    "config": "gsm8k",
    "error_acc": 34.29951690821256,
    "correct_acc": 20.207253886010363,
    "f1": 25.43166789125643,
    "time_used": 1761.5804016590118
}
