{
    "config": "math",
    "error_acc": 26.094276094276093,
    "correct_acc": 13.054187192118228,
    "f1": 17.402448841248997,
    "time_used": 5699.532193183899
}
