{
    "config": "olympiadbench",
    "error_acc": 20.272314674735252,
    "correct_acc": 6.1946902654867255,
    "f1": 9.489604937022612,
    "time_used": 5538.60893201828
}
