{
    "config": "omnimath",
    "error_acc": 20.816864295125164,
    "correct_acc": 10.37344398340249,
    "f1": 13.84677405219708,
    "time_used": 5313.382361412048
}
