{
    "config": "gsm8k",
    "error_acc": 26.08695652173913,
    "correct_acc": 59.067357512953365,
    "f1": 36.19047619047619,
    "time_used": 997.040694475174
}
