{
    "config": "math",
    "error_acc": 17.003367003367003,
    "correct_acc": 69.70443349753694,
    "f1": 27.338026283069038,
    "time_used": 1738.7388708591461
}
