{
    "config": "olympiadbench",
    "error_acc": 13.313161875945537,
    "correct_acc": 68.43657817109144,
    "f1": 22.29015634553236,
    "time_used": 767.6904487609863
}
