{
    "config": "omnimath",
    "error_acc": 13.043478260869565,
    "correct_acc": 66.80497925311202,
    "f1": 21.82557614098509,
    "time_used": 897.1763236522675
}
